"Name","Type","Damage","Properties","Mastery","Text"
"Battleaxe","weapon, martial weapon, melee weapon","1d8 Slashing","Versatile (1d10)","Mastery: Topple","Versatile. A Versatile weapon can be used with one or two hands. A damage value in parentheses appears with the property. The weapon deals that damage when used with two hands to make a melee attack. Mastery: Topple. If you hit a creature with this weapon, you can force the creature to make a Constitution saving throw (DC 8 plus the ability modifier used to make the attack roll and your Proficiency Bonus). On a failed save, the creature has the Prone condition."
"Bellow Flute","weapon, martial weapon, melee weapon","1d6 Bludgeoning","finesse","","The traditional Obojiman instrument has gotten a second life as a swift club-like weapon commonly used by traveling performers. It is crafted from a special coral found all across the shallows, which naturally forms with dozens of tiny holes that run throughout the body of the instrumental weapon. When swung it emits a beautiful harmonic sound. Finesse. When making an attack with a finesse weapon, you use your choice of your Strength or Dexterity modifier for the attack and damage rolls. You must use the same modifier for both rolls."
"Blowgun","weapon, martial weapon, ranged weapon","1 Piercing","Ammunition (Range 25/100 ft.; Needle), Loading","Mastery: Vex","Range. A Range weapon has a range in parentheses after the Ammunition or Thrown property. The range lists two numbers. The first is the weapon's normal range in feet, and the second is the weapon's long range. When attacking a target beyond normal range, you have Disadvantage on the attack roll. You can't attack a target beyond the long range. Ammunition. You can use a weapon that has the Ammunition property to make a ranged attack only if you have ammunition to fire from it. The type of ammunition required is specified with the weapon's range. Each attack expends one piece of ammunition. Drawing the ammunition is part of the attack (you need a free hand to load a one-handed weapon). After a fight, you can spend 1 minute to recover half the ammunition (round down) you used in the fight; the rest is lost. Loading. You can fire only one piece of ammunition from a Loading weapon when you use an action, a Bonus Action, or a Reaction to fire it, regardless of the number of attacks you can normally make. Mastery: Vex. If you hit a creature with this weapon and deal damage to the creature, you have Advantage on your next attack roll against that creature before the end of your next turn."
"Boat Oar","weapon, simple weapon, melee weapon","1d10 Bludgeoning","two‑handed","","Two-Handed. This weapon requires two hands to use. This property is relevant only when you attack with the weapon, not when you simply hold it."
"Boomerang","weapon, simple weapon, melee weapon","1d6 Slashing","finesse, thrown (60/180 ft.), special","","Special. When thrown, the boomerang returns to an unoccupied space adjacent to you. As a reaction, you can choose to catch it. Finesse. When making an attack with a finesse weapon, you use your choice of your Strength or Dexterity modifier for the attack and damage rolls. You must use the same modifier for both rolls. Thrown. If a weapon has the thrown property, you can throw the weapon to make a ranged attack. If the weapon is a melee weapon, you use the same ability modifier for that attack roll and damage roll that you would use for a melee attack with the weapon. For example, if you throw a handaxe, you use your Strength, but if you throw a dagger, you can use either your Strength or your Dexterity, since the dagger has the finesse property."
"Butterfly Staff","weapon, simple weapon, melee weapon","1d4 Bludgeoning","finesse, versatile (1d6), special","","Although it can be used as a weapon, the butterfly staff is more commonly used as a tool to catch small spirits and critters. Its tall haft is capped with a well-woven net, which is often made from sheep dragon wool. Special. When you make a grapple check while holding the butterfly staff, you can use the staff to target a Small or smaller creature that is up to 10 feet away from you. When you do so, you use your attack modifier for the weapon in place of your Strength (Athletics) check. While grappling a creature in this way, you can't make another attack with the butterfly staff. Finesse. When making an attack with a finesse weapon, you use your choice of your Strength or Dexterity modifier for the attack and damage rolls. You must use the same modifier for both rolls. Versatile. This weapon can be used with one or two hands. A damage value in parentheses appears with the property—the damage when the weapon is used with two hands to make a melee attack."
"Candlemaker's Club","weapon, martial weapon, melee weapon","2d6 Bludgeoning","heavy, two‑handed, special","","These heavy honey dipper shaped clubs are traditionally used for mixing the giant vats of wax used by the Courier Brigade to seal packages and craft candles. They're now used by postal knights and adventurers as a useful defensive and offensive tool. Special. While wielding a candlemaker's club, you can use a bonus action to extinguish a flame within 5 feet of you. Heavy. Creatures that are Small or Tiny have disadvantage on attack rolls with heavy weapons. A heavy weapon's size and bulk make it too large for a Small or Tiny creature to use effectively. Two-Handed. This weapon requires two hands to use. This property is relevant only when you attack with the weapon, not when you simply hold it."
"Club","weapon, simple weapon, melee weapon","1d4 Bludgeoning","Light","Mastery: Slow","Light. When you take the Attack action on your turn and attack with a Light weapon, you can make one extra attack as a Bonus Action later on the same turn. That extra attack must be made with a different Light weapon, and you don't add your ability modifier to the extra attack's damage unless that modifier is negative. For example, you can attack with a Shortsword in one hand and a Dagger in the other using the Attack action and a Bonus Action, but you don't add your Strength or Dexterity modifier to the damage roll of the Bonus Action unless that modifier is negative. Mastery: Slow. If you hit a creature with this weapon and deal damage to it, you can reduce its Speed by 10 feet until the start of your next turn. If the creature is hit more than once by weapons that have this property, the Speed reduction doesn't exceed 10 feet."
"Dagger","weapon, simple weapon, melee weapon","1d4 Piercing","Finesse, Light, Thrown (20/60 ft.)","Mastery: Nick","Finesse. When making an attack with a Finesse weapon, use your choice of your Strength or Dexterity modifier for the attack and damage rolls. You must use the same modifier for both rolls. Light. When you take the Attack action on your turn and attack with a Light weapon, you can make one extra attack as a Bonus Action later on the same turn. That extra attack must be made with a different Light weapon, and you don't add your ability modifier to the extra attack's damage unless that modifier is negative. For example, you can attack with a Shortsword in one hand and a Dagger in the other using the Attack action and a Bonus Action, but you don't add your Strength or Dexterity modifier to the damage roll of the Bonus Action unless that modifier is negative. Thrown. If a weapon has the Thrown property, you can throw the weapon to make a ranged attack, and you can draw that weapon as part of the attack. If the weapon is a Melee weapon, use the same ability modifier for the attack and damage rolls that you use for a melee attack with that weapon. Mastery: Nick. When you make the extra attack of the Light property, you can make it as part of the Attack action instead of as a Bonus Action. You can make this extra attack only once per turn."
"Dandelion Spear","weapon, martial weapon, melee weapon","1d8 Piercing","heavy, reach, versatile (1d10)","","This strange and intimidating weapon was made for fishing in the reefs and crags of the Shallows. Its long haft is tipped with a spherical array of thin sharp barbs, which gave the spear its title, as its silhouette is reminiscent of a blooming dandelion. Heavy. Creatures that are Small or Tiny have disadvantage on attack rolls with heavy weapons. A heavy weapon's size and bulk make it too large for a Small or Tiny creature to use effectively. Reach. This weapon adds 5 feet to your reach when you attack with it. This property also determines your reach for opportunity attacks with a reach weapon. Versatile. This weapon can be used with one or two hands. A damage value in parentheses appears with the property—the damage when the weapon is used with two hands to make a melee attack."
"Dart","weapon, simple weapon, ranged weapon","1d4 Piercing","Finesse, Thrown (20/60 ft.)","Mastery: Vex","Range. A Range weapon has a range in parentheses after the Ammunition or Thrown property. The range lists two numbers. The first is the weapon's normal range in feet, and the second is the weapon's long range. When attacking a target beyond normal range, you have Disadvantage on the attack roll. You can't attack a target beyond the long range. Finesse. When making an attack with a Finesse weapon, use your choice of your Strength or Dexterity modifier for the attack and damage rolls. You must use the same modifier for both rolls. Thrown. If a weapon has the Thrown property, you can throw the weapon to make a ranged attack, and you can draw that weapon as part of the attack. If the weapon is a Melee weapon, use the same ability modifier for the attack and damage rolls that you use for a melee attack with that weapon. Mastery: Vex. If you hit a creature with this weapon and deal damage to the creature, you have Advantage on your next attack roll against that creature before the end of your next turn."
"Double-Bladed Scimitar","weapon, martial weapon, melee weapon","2d4 Slashing","two‑handed, special","","Special. If you attack with a double-bladed scimitar as part of the Attack action on your turn, you can use a bonus action immediately after to make a melee attack with it. This attack deals 1d4 slashing damage on a hit, instead of 2d4. Two-Handed. This weapon requires two hands to use. This property is relevant only when you attack with the weapon, not when you simply hold it."
"Drive Shaft","weapon, martial weapon, melee weapon","3d4 Bludgeoning","heavy, two‑handed","","Heavy. Creatures that are Small or Tiny have disadvantage on attack rolls with heavy weapons. A heavy weapon's size and bulk make it too large for a Small or Tiny creature to use effectively. Two-Handed. This weapon requires two hands to use. This property is relevant only when you attack with the weapon, not when you simply hold it."
"Fan","weapon, simple weapon, melee weapon","1d4 Slashing","finesse, light, special","","Special. When you're hit by a ranged weapon attack, you can use your reaction to reduce the incoming damage of the attack by a number equal to your Dexterity modifier. Finesse. When making an attack with a finesse weapon, you use your choice of your Strength or Dexterity modifier for the attack and damage rolls. You must use the same modifier for both rolls. Light. A light weapon is small and easy to handle, making it ideal for use when fighting with two weapons."
"Field Spear","weapon, martial weapon, melee weapon","1d6 Slashing","finesse, thrown (30/90 ft.), versatile (1d8)","","Also known as the merchant's blade, the field spear was proven a useful and sturdy tool by the hundreds of merchants and travelers that use it in their expeditions across the island. Its shorter haft is roughly half the size of a standard spear and its tip is more similar to a wide blade or dagger than the traditional spear tip. Finesse. When making an attack with a finesse weapon, you use your choice of your Strength or Dexterity modifier for the attack and damage rolls. You must use the same modifier for both rolls. Thrown. If a weapon has the thrown property, you can throw the weapon to make a ranged attack. If the weapon is a melee weapon, you use the same ability modifier for that attack roll and damage roll that you would use for a melee attack with the weapon. For example, if you throw a handaxe, you use your Strength, but if you throw a dagger, you can use either your Strength or your Dexterity, since the dagger has the finesse property. Versatile. This weapon can be used with one or two hands. A damage value in parentheses appears with the property—the damage when the weapon is used with two hands to make a melee attack."
"Flail","weapon, martial weapon, melee weapon","1d8 Bludgeoning","","Mastery: Sap","Mastery: Sap. If you hit a creature with this weapon, that creature has Disadvantage on its next attack roll before the start of your next turn."
"Frying Pan","weapon, simple weapon, melee weapon","1d6 Bludgeoning","versatile (1d8), special","","Special. When wielding a frying pan, you can use your bonus action to add a +1 bonus to your AC until the end of your next turn. You can't gain this benefit while wielding a shield. Versatile. This weapon can be used with one or two hands. A damage value in parentheses appears with the property—the damage when the weapon is used with two hands to make a melee attack."
"Glaive","weapon, martial weapon, melee weapon","1d10 Slashing","Heavy, Reach, Two‑Handed","Mastery: Graze","Heavy. You have Disadvantage on attack rolls with a Heavy weapon if it's a Melee weapon and your Strength score isn't at least 13 or if it's a Ranged weapon and your Dexterity score isn't at least 13. Reach. A Reach weapon adds 5 feet to your reach when you attack with it, as well as when determining your reach for Opportunity Attacks with it. Two-Handed. A Two-Handed weapon requires two hands when you attack with it. Mastery: Graze. If your attack roll with this weapon misses a creature, you can deal damage to that creature equal to the ability modifier you used to make the attack roll. This damage is the same type dealt by the weapon, and the damage can be increased only by increasing the ability modifier."
"Greataxe","weapon, martial weapon, melee weapon","1d12 Slashing","Heavy, Two‑Handed","Mastery: Cleave","Heavy. You have Disadvantage on attack rolls with a Heavy weapon if it's a Melee weapon and your Strength score isn't at least 13 or if it's a Ranged weapon and your Dexterity score isn't at least 13. Two-Handed. A Two-Handed weapon requires two hands when you attack with it. Mastery: Cleave. If you hit a creature with a melee attack roll using this weapon, you can make a melee attack roll with the weapon against a second creature within 5 feet of the first that is also within your reach. On a hit, the second creature takes the weapon's damage, but don't add your ability modifier to that damage unless that modifier is negative. You can make this extra attack only once per turn."
"Greatclub","weapon, simple weapon, melee weapon","1d8 Bludgeoning","Two‑Handed","Mastery: Push","Two-Handed. A Two-Handed weapon requires two hands when you attack with it. Mastery: Push. If you hit a creature with this weapon, you can push the creature up to 10 feet straight away from yourself if it is Large or smaller."
"Greatsword","weapon, martial weapon, melee weapon","2d6 Slashing","Heavy, Two‑Handed","Mastery: Graze","Heavy. You have Disadvantage on attack rolls with a Heavy weapon if it's a Melee weapon and your Strength score isn't at least 13 or if it's a Ranged weapon and your Dexterity score isn't at least 13. Two-Handed. A Two-Handed weapon requires two hands when you attack with it. Mastery: Graze. If your attack roll with this weapon misses a creature, you can deal damage to that creature equal to the ability modifier you used to make the attack roll. This damage is the same type dealt by the weapon, and the damage can be increased only by increasing the ability modifier."
"Halberd","weapon, martial weapon, melee weapon","1d10 Slashing","Heavy, Reach, Two‑Handed","Mastery: Cleave","Heavy. You have Disadvantage on attack rolls with a Heavy weapon if it's a Melee weapon and your Strength score isn't at least 13 or if it's a Ranged weapon and your Dexterity score isn't at least 13. Reach. A Reach weapon adds 5 feet to your reach when you attack with it, as well as when determining your reach for Opportunity Attacks with it. Two-Handed. A Two-Handed weapon requires two hands when you attack with it. Mastery: Cleave. If you hit a creature with a melee attack roll using this weapon, you can make a melee attack roll with the weapon against a second creature within 5 feet of the first that is also within your reach. On a hit, the second creature takes the weapon's damage, but don't add your ability modifier to that damage unless that modifier is negative. You can make this extra attack only once per turn."
"Hand Crossbow","weapon, martial weapon, ranged weapon","1d6 Piercing","Ammunition (Range 30/120 ft.; Bolt), Light, Loading","Mastery: Vex","Range. A Range weapon has a range in parentheses after the Ammunition or Thrown property. The range lists two numbers. The first is the weapon's normal range in feet, and the second is the weapon's long range. When attacking a target beyond normal range, you have Disadvantage on the attack roll. You can't attack a target beyond the long range. Ammunition. You can use a weapon that has the Ammunition property to make a ranged attack only if you have ammunition to fire from it. The type of ammunition required is specified with the weapon's range. Each attack expends one piece of ammunition. Drawing the ammunition is part of the attack (you need a free hand to load a one-handed weapon). After a fight, you can spend 1 minute to recover half the ammunition (round down) you used in the fight; the rest is lost. Light. When you take the Attack action on your turn and attack with a Light weapon, you can make one extra attack as a Bonus Action later on the same turn. That extra attack must be made with a different Light weapon, and you don't add your ability modifier to the extra attack's damage unless that modifier is negative. For example, you can attack with a Shortsword in one hand and a Dagger in the other using the Attack action and a Bonus Action, but you don't add your Strength or Dexterity modifier to the damage roll of the Bonus Action unless that modifier is negative. Loading. You can fire only one piece of ammunition from a Loading weapon when you use an action, a Bonus Action, or a Reaction to fire it, regardless of the number of attacks you can normally make. Mastery: Vex. If you hit a creature with this weapon and deal damage to the creature, you have Advantage on your next attack roll against that creature before the end of your next turn."
"Handaxe","weapon, simple weapon, melee weapon","1d6 Slashing","Light, Thrown (20/60 ft.)","Mastery: Vex","Light. When you take the Attack action on your turn and attack with a Light weapon, you can make one extra attack as a Bonus Action later on the same turn. That extra attack must be made with a different Light weapon, and you don't add your ability modifier to the extra attack's damage unless that modifier is negative. For example, you can attack with a Shortsword in one hand and a Dagger in the other using the Attack action and a Bonus Action, but you don't add your Strength or Dexterity modifier to the damage roll of the Bonus Action unless that modifier is negative. Thrown. If a weapon has the Thrown property, you can throw the weapon to make a ranged attack, and you can draw that weapon as part of the attack. If the weapon is a Melee weapon, use the same ability modifier for the attack and damage rolls that you use for a melee attack with that weapon. Mastery: Vex. If you hit a creature with this weapon and deal damage to the creature, you have Advantage on your next attack roll against that creature before the end of your next turn."
"Heavy Crossbow","weapon, martial weapon, ranged weapon","1d10 Piercing","Ammunition (Range 100/400 ft.; Bolt), Heavy, Loading, Two‑Handed","Mastery: Push","Range. A Range weapon has a range in parentheses after the Ammunition or Thrown property. The range lists two numbers. The first is the weapon's normal range in feet, and the second is the weapon's long range. When attacking a target beyond normal range, you have Disadvantage on the attack roll. You can't attack a target beyond the long range. Ammunition. You can use a weapon that has the Ammunition property to make a ranged attack only if you have ammunition to fire from it. The type of ammunition required is specified with the weapon's range. Each attack expends one piece of ammunition. Drawing the ammunition is part of the attack (you need a free hand to load a one-handed weapon). After a fight, you can spend 1 minute to recover half the ammunition (round down) you used in the fight; the rest is lost. Heavy. You have Disadvantage on attack rolls with a Heavy weapon if it's a Melee weapon and your Strength score isn't at least 13 or if it's a Ranged weapon and your Dexterity score isn't at least 13. Loading. You can fire only one piece of ammunition from a Loading weapon when you use an action, a Bonus Action, or a Reaction to fire it, regardless of the number of attacks you can normally make. Two-Handed. A Two-Handed weapon requires two hands when you attack with it. Mastery: Push. If you hit a creature with this weapon, you can push the creature up to 10 feet straight away from yourself if it is Large or smaller."
"Hooked Shortspear","weapon, martial weapon, melee weapon","1d4 Piercing","light","","On a hit with this weapon, the wielder can forgo dealing damage and attempt to trip the target, in which case the target must succeed on a Strength saving throw or fall prone. The DC is 8 + the wielder's Strength modifier + the wielder's proficiency bonus. Light. A light weapon is small and easy to handle, making it ideal for use when fighting with two weapons."
"Hoopak","weapon, martial weapon, melee weapon","1d6 Piercing","ammunition (40/160 ft.), finesse, two‑handed, special","","A hoopak is a sturdy stick with a sling at one end and a pointed tip at the other. Special. When you make a melee attack with this weapon, you ignore its ammunition property. You can use the hoopak as a martial ranged weapon. If you do, it uses the ammunition property, uses sling bullets, and deals 1d4 bludgeoning damage on a hit. Ammunition. You can use a weapon that has the ammunition property to make a ranged attack only if you have ammunition to fire from the weapon. Each time you attack with the weapon, you expend one piece of ammunition. Drawing the ammunition from a quiver, case, or other container is part of the attack. Loading a one-handed weapon requires a free hand. At the end of the battle, you can recover half your expended ammunition by taking a minute to search the battlefield.If you use a weapon that has the ammunition property to make a melee attack, you treat the weapon as an improvised weapon. A sling must be loaded to deal any damage when used in this way. Finesse. When making an attack with a finesse weapon, you use your choice of your Strength or Dexterity modifier for the attack and damage rolls. You must use the same modifier for both rolls. Two-Handed. This weapon requires two hands to use. This property is relevant only when you attack with the weapon, not when you simply hold it."
"Iron Ball","weapon, simple weapon, ranged weapon","1d4 Bludgeoning","finesse, thrown (120 ft.)","","This ball is used to play a game of Chain Lightning. Range. A weapon that can be used to make a ranged attack has a range shown in parentheses after the ammunition or thrown property. The range lists two numbers. The first is the weapon's normal range in feet, and the second indicates the weapon's maximum range. When attacking a target beyond normal range, you have disadvantage on the attack roll. You can't attack a target beyond the weapon's long range. Finesse. When making an attack with a finesse weapon, you use your choice of your Strength or Dexterity modifier for the attack and damage rolls. You must use the same modifier for both rolls. Thrown. If a weapon has the thrown property, you can throw the weapon to make a ranged attack. If the weapon is a melee weapon, you use the same ability modifier for that attack roll and damage roll that you would use for a melee attack with the weapon. For example, if you throw a handaxe, you use your Strength, but if you throw a dagger, you can use either your Strength or your Dexterity, since the dagger has the finesse property."
"Iron Tea Kettle","weapon, simple weapon, melee weapon","2d4 Bludgeoning","","",""
"Javelin","weapon, simple weapon, melee weapon","1d6 Piercing","Thrown (30/120 ft.)","Mastery: Slow","Thrown. If a weapon has the Thrown property, you can throw the weapon to make a ranged attack, and you can draw that weapon as part of the attack. If the weapon is a Melee weapon, use the same ability modifier for the attack and damage rolls that you use for a melee attack with that weapon. Mastery: Slow. If you hit a creature with this weapon and deal damage to it, you can reduce its Speed by 10 feet until the start of your next turn. If the creature is hit more than once by weapons that have this property, the Speed reduction doesn't exceed 10 feet."
"Lance","weapon, martial weapon, melee weapon","1d10 Piercing","Heavy, Reach, Two‑Handed (unless mounted)","Mastery: Topple","A Lance requires two hands to wield when you aren't mounted. Heavy. You have Disadvantage on attack rolls with a Heavy weapon if it's a Melee weapon and your Strength score isn't at least 13 or if it's a Ranged weapon and your Dexterity score isn't at least 13. Reach. A Reach weapon adds 5 feet to your reach when you attack with it, as well as when determining your reach for Opportunity Attacks with it. Two-Handed. A Two-Handed weapon requires two hands when you attack with it. Mastery: Topple. If you hit a creature with this weapon, you can force the creature to make a Constitution saving throw (DC 8 plus the ability modifier used to make the attack roll and your Proficiency Bonus). On a failed save, the creature has the Prone condition."
"Light Crossbow","weapon, simple weapon, ranged weapon","1d8 Piercing","Ammunition (Range 80/320 ft.; Bolt), Loading, Two‑Handed","Mastery: Slow","Range. A Range weapon has a range in parentheses after the Ammunition or Thrown property. The range lists two numbers. The first is the weapon's normal range in feet, and the second is the weapon's long range. When attacking a target beyond normal range, you have Disadvantage on the attack roll. You can't attack a target beyond the long range. Ammunition. You can use a weapon that has the Ammunition property to make a ranged attack only if you have ammunition to fire from it. The type of ammunition required is specified with the weapon's range. Each attack expends one piece of ammunition. Drawing the ammunition is part of the attack (you need a free hand to load a one-handed weapon). After a fight, you can spend 1 minute to recover half the ammunition (round down) you used in the fight; the rest is lost. Loading. You can fire only one piece of ammunition from a Loading weapon when you use an action, a Bonus Action, or a Reaction to fire it, regardless of the number of attacks you can normally make. Two-Handed. A Two-Handed weapon requires two hands when you attack with it. Mastery: Slow. If you hit a creature with this weapon and deal damage to it, you can reduce its Speed by 10 feet until the start of your next turn. If the creature is hit more than once by weapons that have this property, the Speed reduction doesn't exceed 10 feet."
"Light Hammer","weapon, simple weapon, melee weapon","1d4 Bludgeoning","Light, Thrown (20/60 ft.)","Mastery: Nick","Light. When you take the Attack action on your turn and attack with a Light weapon, you can make one extra attack as a Bonus Action later on the same turn. That extra attack must be made with a different Light weapon, and you don't add your ability modifier to the extra attack's damage unless that modifier is negative. For example, you can attack with a Shortsword in one hand and a Dagger in the other using the Attack action and a Bonus Action, but you don't add your Strength or Dexterity modifier to the damage roll of the Bonus Action unless that modifier is negative. Thrown. If a weapon has the Thrown property, you can throw the weapon to make a ranged attack, and you can draw that weapon as part of the attack. If the weapon is a Melee weapon, use the same ability modifier for the attack and damage rolls that you use for a melee attack with that weapon. Mastery: Nick. When you make the extra attack of the Light property, you can make it as part of the Attack action instead of as a Bonus Action. You can make this extra attack only once per turn."
"Light Repeating Crossbow","weapon, simple weapon, ranged weapon","1d8 Piercing","ammunition (40/160 ft.), two‑handed","","This crossbow is fitted with a cartridge that can hold up to six crossbow bolts. It automatically reloads after firing until the cartridge runs out of ammunition. Reloading the cartridge takes an action. Range. A weapon that can be used to make a ranged attack has a range shown in parentheses after the ammunition or thrown property. The range lists two numbers. The first is the weapon's normal range in feet, and the second indicates the weapon's maximum range. When attacking a target beyond normal range, you have disadvantage on the attack roll. You can't attack a target beyond the weapon's long range. Ammunition. You can use a weapon that has the ammunition property to make a ranged attack only if you have ammunition to fire from the weapon. Each time you attack with the weapon, you expend one piece of ammunition. Drawing the ammunition from a quiver, case, or other container is part of the attack. Loading a one-handed weapon requires a free hand. At the end of the battle, you can recover half your expended ammunition by taking a minute to search the battlefield.If you use a weapon that has the ammunition property to make a melee attack, you treat the weapon as an improvised weapon. A sling must be loaded to deal any damage when used in this way. Two-Handed. This weapon requires two hands to use. This property is relevant only when you attack with the weapon, not when you simply hold it."
"Lom Lom Dagger","weapon, martial weapon, melee weapon","1d6 Slashing","finesse, light, thrown (20/60 ft.)","","The short and angular blade of a lom lom dagger was designed for cleaving and quickly became a staple in most of Obojima's kitchens. Over time, the blade length grew longer and longer, and eventually the lom lom dagger made its way out of the kitchen and into the hands of adventurers, who favored it for its balance and accuracy when thrown. Finesse. When making an attack with a finesse weapon, you use your choice of your Strength or Dexterity modifier for the attack and damage rolls. You must use the same modifier for both rolls. Light. A light weapon is small and easy to handle, making it ideal for use when fighting with two weapons. Thrown. If a weapon has the thrown property, you can throw the weapon to make a ranged attack. If the weapon is a melee weapon, you use the same ability modifier for that attack roll and damage roll that you would use for a melee attack with the weapon. For example, if you throw a handaxe, you use your Strength, but if you throw a dagger, you can use either your Strength or your Dexterity, since the dagger has the finesse property."
"Longbow","weapon, martial weapon, ranged weapon","1d8 Piercing","Ammunition (Range 150/600 ft.; Arrow), Heavy, Two‑Handed","Mastery: Slow","Range. A Range weapon has a range in parentheses after the Ammunition or Thrown property. The range lists two numbers. The first is the weapon's normal range in feet, and the second is the weapon's long range. When attacking a target beyond normal range, you have Disadvantage on the attack roll. You can't attack a target beyond the long range. Ammunition. You can use a weapon that has the Ammunition property to make a ranged attack only if you have ammunition to fire from it. The type of ammunition required is specified with the weapon's range. Each attack expends one piece of ammunition. Drawing the ammunition is part of the attack (you need a free hand to load a one-handed weapon). After a fight, you can spend 1 minute to recover half the ammunition (round down) you used in the fight; the rest is lost. Heavy. You have Disadvantage on attack rolls with a Heavy weapon if it's a Melee weapon and your Strength score isn't at least 13 or if it's a Ranged weapon and your Dexterity score isn't at least 13. Two-Handed. A Two-Handed weapon requires two hands when you attack with it. Mastery: Slow. If you hit a creature with this weapon and deal damage to it, you can reduce its Speed by 10 feet until the start of your next turn. If the creature is hit more than once by weapons that have this property, the Speed reduction doesn't exceed 10 feet."
"Longsword","weapon, martial weapon, melee weapon","1d8 Slashing","Versatile (1d10)","Mastery: Sap","Versatile. A Versatile weapon can be used with one or two hands. A damage value in parentheses appears with the property. The weapon deals that damage when used with two hands to make a melee attack. Mastery: Sap. If you hit a creature with this weapon, that creature has Disadvantage on its next attack roll before the start of your next turn."
"Mace","weapon, simple weapon, melee weapon","1d6 Bludgeoning","","Mastery: Sap","Mastery: Sap. If you hit a creature with this weapon, that creature has Disadvantage on its next attack roll before the start of your next turn."
"Maul","weapon, martial weapon, melee weapon","2d6 Bludgeoning","Heavy, Two‑Handed","Mastery: Topple","Heavy. You have Disadvantage on attack rolls with a Heavy weapon if it's a Melee weapon and your Strength score isn't at least 13 or if it's a Ranged weapon and your Dexterity score isn't at least 13. Two-Handed. A Two-Handed weapon requires two hands when you attack with it. Mastery: Topple. If you hit a creature with this weapon, you can force the creature to make a Constitution saving throw (DC 8 plus the ability modifier used to make the attack roll and your Proficiency Bonus). On a failed save, the creature has the Prone condition."
"Morningstar","weapon, martial weapon, melee weapon","1d8 Piercing","","Mastery: Sap","Mastery: Sap. If you hit a creature with this weapon, that creature has Disadvantage on its next attack roll before the start of your next turn."
"Musket","weapon, martial weapon, ranged weapon, firearm","1d12 Piercing","Ammunition (Range 40/120 ft.; Firearm Bullet), Loading, Two‑Handed","Mastery: Slow","Range. A Range weapon has a range in parentheses after the Ammunition or Thrown property. The range lists two numbers. The first is the weapon's normal range in feet, and the second is the weapon's long range. When attacking a target beyond normal range, you have Disadvantage on the attack roll. You can't attack a target beyond the long range. Ammunition. You can use a weapon that has the Ammunition property to make a ranged attack only if you have ammunition to fire from it. The type of ammunition required is specified with the weapon's range. Each attack expends one piece of ammunition. Drawing the ammunition is part of the attack (you need a free hand to load a one-handed weapon). After a fight, you can spend 1 minute to recover half the ammunition (round down) you used in the fight; the rest is lost. Loading. You can fire only one piece of ammunition from a Loading weapon when you use an action, a Bonus Action, or a Reaction to fire it, regardless of the number of attacks you can normally make. Two-Handed. A Two-Handed weapon requires two hands when you attack with it. Mastery: Slow. If you hit a creature with this weapon and deal damage to it, you can reduce its Speed by 10 feet until the start of your next turn. If the creature is hit more than once by weapons that have this property, the Speed reduction doesn't exceed 10 feet."
"Nakudama Bubble Rod","weapon, martial weapon, ranged weapon","2d4 Bludgeoning","range 50/200 ft.","","The Nakudama bubble rod is most recognizable by the curious sounds it produces when used. The wet descending whistle of multiple water filled glass marbles shot from the end of the oblong tube, quickly followed by the unmistakable pop of the ammunition as they hit their target. Range. A weapon that can be used to make a ranged attack has a range shown in parentheses after the ammunition or thrown property. The range lists two numbers. The first is the weapon's normal range in feet, and the second indicates the weapon's maximum range. When attacking a target beyond normal range, you have disadvantage on the attack roll. You can't attack a target beyond the weapon's long range."
"Oversized Longbow","weapon, martial weapon, ranged weapon","2d6 Piercing","ammunition (150/600 ft.), heavy, two‑handed","","This unique weapon can be used only by a Medium or larger creature that has a Strength of 18 or higher. The bow shoots oversized arrows that deal piercing damage equal to 2d6 + the wielder's Strength modifier. Range. A weapon that can be used to make a ranged attack has a range shown in parentheses after the ammunition or thrown property. The range lists two numbers. The first is the weapon's normal range in feet, and the second indicates the weapon's maximum range. When attacking a target beyond normal range, you have disadvantage on the attack roll. You can't attack a target beyond the weapon's long range. Ammunition. You can use a weapon that has the ammunition property to make a ranged attack only if you have ammunition to fire from the weapon. Each time you attack with the weapon, you expend one piece of ammunition. Drawing the ammunition from a quiver, case, or other container is part of the attack. Loading a one-handed weapon requires a free hand. At the end of the battle, you can recover half your expended ammunition by taking a minute to search the battlefield.If you use a weapon that has the ammunition property to make a melee attack, you treat the weapon as an improvised weapon. A sling must be loaded to deal any damage when used in this way. Heavy. Creatures that are Small or Tiny have disadvantage on attack rolls with heavy weapons. A heavy weapon's size and bulk make it too large for a Small or Tiny creature to use effectively. Two-Handed. This weapon requires two hands to use. This property is relevant only when you attack with the weapon, not when you simply hold it."
"Pike","weapon, martial weapon, melee weapon","1d10 Piercing","Heavy, Reach, Two‑Handed","Mastery: Push","Heavy. You have Disadvantage on attack rolls with a Heavy weapon if it's a Melee weapon and your Strength score isn't at least 13 or if it's a Ranged weapon and your Dexterity score isn't at least 13. Reach. A Reach weapon adds 5 feet to your reach when you attack with it, as well as when determining your reach for Opportunity Attacks with it. Two-Handed. A Two-Handed weapon requires two hands when you attack with it. Mastery: Push. If you hit a creature with this weapon, you can push the creature up to 10 feet straight away from yourself if it is Large or smaller."
"Pistol","weapon, martial weapon, ranged weapon, firearm","1d10 Piercing","Ammunition (Range 30/90 ft.; Firearm Bullet), Loading","Mastery: Vex","Range. A Range weapon has a range in parentheses after the Ammunition or Thrown property. The range lists two numbers. The first is the weapon's normal range in feet, and the second is the weapon's long range. When attacking a target beyond normal range, you have Disadvantage on the attack roll. You can't attack a target beyond the long range. Ammunition. You can use a weapon that has the Ammunition property to make a ranged attack only if you have ammunition to fire from it. The type of ammunition required is specified with the weapon's range. Each attack expends one piece of ammunition. Drawing the ammunition is part of the attack (you need a free hand to load a one-handed weapon). After a fight, you can spend 1 minute to recover half the ammunition (round down) you used in the fight; the rest is lost. Loading. You can fire only one piece of ammunition from a Loading weapon when you use an action, a Bonus Action, or a Reaction to fire it, regardless of the number of attacks you can normally make. Mastery: Vex. If you hit a creature with this weapon and deal damage to the creature, you have Advantage on your next attack roll against that creature before the end of your next turn."
"Psychic Blade","weapon, simple weapon, melee weapon","1d6 Psychic","Finesse, Thrown (60/120 ft.)","Mastery: Vex (you can use this property, and it doesn't count against the number of properties you can use with Weapon Mastery)","Finesse. When making an attack with a Finesse weapon, use your choice of your Strength or Dexterity modifier for the attack and damage rolls. You must use the same modifier for both rolls. Thrown. If a weapon has the Thrown property, you can throw the weapon to make a ranged attack, and you can draw that weapon as part of the attack. If the weapon is a Melee weapon, use the same ability modifier for the attack and damage rolls that you use for a melee attack with that weapon. Mastery: Vex. If you hit a creature with this weapon and deal damage to the creature, you have Advantage on your next attack roll against that creature before the end of your next turn."
"Quarterstaff","weapon, simple weapon, melee weapon","1d6 Bludgeoning","Versatile (1d8)","Mastery: Topple","Versatile. A Versatile weapon can be used with one or two hands. A damage value in parentheses appears with the property. The weapon deals that damage when used with two hands to make a melee attack. Mastery: Topple. If you hit a creature with this weapon, you can force the creature to make a Constitution saving throw (DC 8 plus the ability modifier used to make the attack roll and your Proficiency Bonus). On a failed save, the creature has the Prone condition."
"Rapier","weapon, martial weapon, melee weapon","1d8 Piercing","Finesse","Mastery: Vex","Finesse. When making an attack with a Finesse weapon, use your choice of your Strength or Dexterity modifier for the attack and damage rolls. You must use the same modifier for both rolls. Mastery: Vex. If you hit a creature with this weapon and deal damage to the creature, you have Advantage on your next attack roll against that creature before the end of your next turn."
"Scimitar","weapon, martial weapon, melee weapon","1d6 Slashing","Finesse, Light","Mastery: Nick","Finesse. When making an attack with a Finesse weapon, use your choice of your Strength or Dexterity modifier for the attack and damage rolls. You must use the same modifier for both rolls. Light. When you take the Attack action on your turn and attack with a Light weapon, you can make one extra attack as a Bonus Action later on the same turn. That extra attack must be made with a different Light weapon, and you don't add your ability modifier to the extra attack's damage unless that modifier is negative. For example, you can attack with a Shortsword in one hand and a Dagger in the other using the Attack action and a Bonus Action, but you don't add your Strength or Dexterity modifier to the damage roll of the Bonus Action unless that modifier is negative. Mastery: Nick. When you make the extra attack of the Light property, you can make it as part of the Attack action instead of as a Bonus Action. You can make this extra attack only once per turn."
"Secret Stone Sword","weapon, martial weapon, melee weapon","1d6 Bludgeoning","light, versatile (1d8), range 20/60 ft.","","Although it's not much of a secret nowadays, the magical stone known as feather rock, which is used to craft these stone swords, was once coveted and kept hidden by the Nakudama. Even though feather rock is now commonly used by potion brewers, and the craft of making one of these swords is fairly common, the name has stayed the same. Light. A light weapon is small and easy to handle, making it ideal for use when fighting with two weapons. Versatile. This weapon can be used with one or two hands. A damage value in parentheses appears with the property—the damage when the weapon is used with two hands to make a melee attack."
"Shepherd Crook","weapon, martial weapon, melee weapon","1d6 Bludgeoning","reach, special","","Special. As a bonus action, you can make a contested Strength check against a creature within range, moving the target to another unoccupied space within 5 feet of you on a success. Reach. This weapon adds 5 feet to your reach when you attack with it. This property also determines your reach for opportunity attacks with a reach weapon."
"Shortbow","weapon, simple weapon, ranged weapon","1d6 Piercing","Ammunition (Range 80/320 ft.; Arrow), Two‑Handed","Mastery: Vex","Range. A Range weapon has a range in parentheses after the Ammunition or Thrown property. The range lists two numbers. The first is the weapon's normal range in feet, and the second is the weapon's long range. When attacking a target beyond normal range, you have Disadvantage on the attack roll. You can't attack a target beyond the long range. Ammunition. You can use a weapon that has the Ammunition property to make a ranged attack only if you have ammunition to fire from it. The type of ammunition required is specified with the weapon's range. Each attack expends one piece of ammunition. Drawing the ammunition is part of the attack (you need a free hand to load a one-handed weapon). After a fight, you can spend 1 minute to recover half the ammunition (round down) you used in the fight; the rest is lost. Two-Handed. A Two-Handed weapon requires two hands when you attack with it. Mastery: Vex. If you hit a creature with this weapon and deal damage to the creature, you have Advantage on your next attack roll against that creature before the end of your next turn."
"Shortsword","weapon, martial weapon, melee weapon","1d6 Piercing","Finesse, Light","Mastery: Vex","Finesse. When making an attack with a Finesse weapon, use your choice of your Strength or Dexterity modifier for the attack and damage rolls. You must use the same modifier for both rolls. Light. When you take the Attack action on your turn and attack with a Light weapon, you can make one extra attack as a Bonus Action later on the same turn. That extra attack must be made with a different Light weapon, and you don't add your ability modifier to the extra attack's damage unless that modifier is negative. For example, you can attack with a Shortsword in one hand and a Dagger in the other using the Attack action and a Bonus Action, but you don't add your Strength or Dexterity modifier to the damage roll of the Bonus Action unless that modifier is negative. Mastery: Vex. If you hit a creature with this weapon and deal damage to the creature, you have Advantage on your next attack roll against that creature before the end of your next turn."
"Shovel","weapon, simple weapon, melee weapon","1d6 Bludgeoning","versatile (1d8)","","Versatile. This weapon can be used with one or two hands. A damage value in parentheses appears with the property—the damage when the weapon is used with two hands to make a melee attack."
"Sickle","weapon, simple weapon, melee weapon","1d4 Slashing","Light","Mastery: Nick","Light. When you take the Attack action on your turn and attack with a Light weapon, you can make one extra attack as a Bonus Action later on the same turn. That extra attack must be made with a different Light weapon, and you don't add your ability modifier to the extra attack's damage unless that modifier is negative. For example, you can attack with a Shortsword in one hand and a Dagger in the other using the Attack action and a Bonus Action, but you don't add your Strength or Dexterity modifier to the damage roll of the Bonus Action unless that modifier is negative. Mastery: Nick. When you make the extra attack of the Light property, you can make it as part of the Attack action instead of as a Bonus Action. You can make this extra attack only once per turn."
"Sling","weapon, simple weapon, ranged weapon","1d4 Bludgeoning","Ammunition (Range 30/120 ft.; Sling Bullet)","Mastery: Slow","Range. A Range weapon has a range in parentheses after the Ammunition or Thrown property. The range lists two numbers. The first is the weapon's normal range in feet, and the second is the weapon's long range. When attacking a target beyond normal range, you have Disadvantage on the attack roll. You can't attack a target beyond the long range. Ammunition. You can use a weapon that has the Ammunition property to make a ranged attack only if you have ammunition to fire from it. The type of ammunition required is specified with the weapon's range. Each attack expends one piece of ammunition. Drawing the ammunition is part of the attack (you need a free hand to load a one-handed weapon). After a fight, you can spend 1 minute to recover half the ammunition (round down) you used in the fight; the rest is lost. Mastery: Slow. If you hit a creature with this weapon and deal damage to it, you can reduce its Speed by 10 feet until the start of your next turn. If the creature is hit more than once by weapons that have this property, the Speed reduction doesn't exceed 10 feet."
"Spear","weapon, simple weapon, melee weapon","1d6 Piercing","Thrown (20/60 ft.), Versatile (1d8)","Mastery: Sap","Thrown. If a weapon has the Thrown property, you can throw the weapon to make a ranged attack, and you can draw that weapon as part of the attack. If the weapon is a Melee weapon, use the same ability modifier for the attack and damage rolls that you use for a melee attack with that weapon. Versatile. A Versatile weapon can be used with one or two hands. A damage value in parentheses appears with the property. The weapon deals that damage when used with two hands to make a melee attack. Mastery: Sap. If you hit a creature with this weapon, that creature has Disadvantage on its next attack roll before the start of your next turn."
"Staff","staff, weapon, spellcasting focus, simple weapon, melee weapon","1d6 Bludgeoning","versatile (1d8)","Mastery: Topple","Versatile. This weapon can be used with one or two hands. A damage value in parentheses appears with the property—the damage when the weapon is used with two hands to make a melee attack.An Arcane Focus takes a specific form and is bejeweled or carved to channel arcane magic. A Sorcerer, Warlock, or Wizard can use such an item as a Spellcasting Focus. Mastery: Topple. If you hit a creature with this weapon, you can force the creature to make a Constitution saving throw (DC 8 plus the ability modifier used to make the attack roll and your Proficiency Bonus). On a failed save, the creature has the Prone condition."
"Tapper Sack","weapon, martial weapon, melee weapon","1d6 Bludgeoning","reach, versatile (1d8)","","A tapper sack is a simple tool and weapon used by farmers. At the end of a fine, yet sturdy, braided cord is a simple bag which has been filled with sand. Although it's not very flashy, in the hands of a skilled adventurer this humble weapon packs quite a punch. Reach. This weapon adds 5 feet to your reach when you attack with it. This property also determines your reach for opportunity attacks with a reach weapon. Versatile. This weapon can be used with one or two hands. A damage value in parentheses appears with the property—the damage when the weapon is used with two hands to make a melee attack."
"Trident","weapon, martial weapon, melee weapon","1d8 Piercing","Thrown (20/60 ft.), Versatile (1d10)","Mastery: Topple","Thrown. If a weapon has the Thrown property, you can throw the weapon to make a ranged attack, and you can draw that weapon as part of the attack. If the weapon is a Melee weapon, use the same ability modifier for the attack and damage rolls that you use for a melee attack with that weapon. Versatile. A Versatile weapon can be used with one or two hands. A damage value in parentheses appears with the property. The weapon deals that damage when used with two hands to make a melee attack. Mastery: Topple. If you hit a creature with this weapon, you can force the creature to make a Constitution saving throw (DC 8 plus the ability modifier used to make the attack roll and your Proficiency Bonus). On a failed save, the creature has the Prone condition."
"Umbrella","weapon, simple weapon, melee weapon","1d4 Bludgeoning","finesse, special","","Special. Whenever you take falling damage while wielding an umbrella, you can use your reaction to reduce the damage by a number equal to twice your proficiency bonus. Finesse. When making an attack with a finesse weapon, you use your choice of your Strength or Dexterity modifier for the attack and damage rolls. You must use the same modifier for both rolls."
"Vaulter's Axe","weapon, martial weapon, melee weapon","1d10 Slashing","heavy, reach, two‑handed, special","","The vaulter's axe was designed by the Rangers of the Greenward Path for exploring the Brackwater Wetlands. Its tall haft allows wielders of the axe to easily check water depths and vault over obstacles. To this day it's a useful tool for anyone exploring the eastern side of the island. Special. As part of your movement, you can use the vaulter's axe to launch yourself 15 feet over a creature or obstacle. Using your movement in this way ignores nonmagical difficult terrain. Heavy. Creatures that are Small or Tiny have disadvantage on attack rolls with heavy weapons. A heavy weapon's size and bulk make it too large for a Small or Tiny creature to use effectively. Reach. This weapon adds 5 feet to your reach when you attack with it. This property also determines your reach for opportunity attacks with a reach weapon. Two-Handed. This weapon requires two hands to use. This property is relevant only when you attack with the weapon, not when you simply hold it."
"Vertebrae Sword","weapon, martial weapon, melee weapon","1d8 Piercing","special","","The jagged vertebrae sword of a fishfolk warrior can barely be called a sword. Locals would say it's better described as a makeshift weapon crafted from a fish skeleton and sea trash. Its poor construction is the reason it's not often a weapon seen on land, though when used by a skilled fighter, it most certainly can be a formidable tool. Special. When you successfully hit a creature with a vertebrae sword, you can use a bonus action to rake and twist the weapon, breaking off some of the sword's boney barbs and dealing an extra 1d8 piercing damage. The vertebrae sword can only be used in this way 5 times before it becomes unusable as a weapon."
"War Pick","weapon, martial weapon, melee weapon","1d8 Piercing","Versatile (1d10)","Mastery: Sap","Versatile. A Versatile weapon can be used with one or two hands. A damage value in parentheses appears with the property. The weapon deals that damage when used with two hands to make a melee attack. Mastery: Sap. If you hit a creature with this weapon, that creature has Disadvantage on its next attack roll before the start of your next turn."
"Warhammer","weapon, martial weapon, melee weapon","1d8 Bludgeoning","Versatile (1d10)","Mastery: Push","Versatile. A Versatile weapon can be used with one or two hands. A damage value in parentheses appears with the property. The weapon deals that damage when used with two hands to make a melee attack. Mastery: Push. If you hit a creature with this weapon, you can push the creature up to 10 feet straight away from yourself if it is Large or smaller."
"Whip","weapon, martial weapon, melee weapon","1d4 Slashing","Finesse, Reach","Mastery: Slow","Finesse. When making an attack with a Finesse weapon, use your choice of your Strength or Dexterity modifier for the attack and damage rolls. You must use the same modifier for both rolls. Reach. A Reach weapon adds 5 feet to your reach when you attack with it, as well as when determining your reach for Opportunity Attacks with it. Mastery: Slow. If you hit a creature with this weapon and deal damage to it, you can reduce its Speed by 10 feet until the start of your next turn. If the creature is hit more than once by weapons that have this property, the Speed reduction doesn't exceed 10 feet."
"Wooden Staff","weapon, spellcasting focus, simple weapon","1d6 Bludgeoning","versatile (1d8)","Mastery: Topple","Versatile. This weapon can be used with one or two hands. A damage value in parentheses appears with the property—the damage when the weapon is used with two hands to make a melee attack.A Druidic Focus takes a specific form and is carved, tied with ribbon, or painted to channel primal magic. A Druid or Ranger can use such an object as a Spellcasting Focus. Mastery: Topple. If you hit a creature with this weapon, you can force the creature to make a Constitution saving throw (DC 8 plus the ability modifier used to make the attack roll and your Proficiency Bonus). On a failed save, the creature has the Prone condition."
"Yklwa","weapon, simple weapon, melee weapon","1d8 Piercing","thrown (10/30 ft.)","","A yklwa (pronounced YICK-ul-wah) is a simple melee weapon that is the traditional weapon of Chultan warriors. A yklwa consists of a 3-foot wooden shaft with a steel or stone blade up to 18 inches long. Although it has the thrown weapon property, the yklwa is not well balanced for throwing. Thrown. If a weapon has the thrown property, you can throw the weapon to make a ranged attack. If the weapon is a melee weapon, you use the same ability modifier for that attack roll and damage roll that you would use for a melee attack with the weapon. For example, if you throw a handaxe, you use your Strength, but if you throw a dagger, you can use either your Strength or your Dexterity, since the dagger has the finesse property."